"Title","Price","OldPrice","Category","Collection","Description","Features","Image 1","Image 2","Image 3","Image 4","Sizes","Colors","Badge","Stock","Rating","ReviewCount","Link"
"Urban Backpack","49.99","69.99","Bags & Luggage","Trending Collection","Engineered for modern city commutes and weekend getaways. Features water-resistant coated canvas, dedicated 16-inch padded laptop compartment, and ergonomic airflow back padding.","Water-resistant recycled poly-canvas exterior | Dedicated padded compartment fits up to 16"" laptop | Hidden quick-access passport pocket | Reinforced heavy-duty YKK zippers | Capacity: 22 Liters","https://images.unsplash.com/photo-1553062407-98eeb64c6a62?q=80&w=800&auto=format&fit=crop","https://images.unsplash.com/photo-1622560480605-d83c853bc5c3?q=80&w=800&auto=format&fit=crop","https://images.unsplash.com/photo-1546938576-6e6a64f317cc?q=80&w=800&auto=format&fit=crop","https://images.unsplash.com/photo-1581605405669-fcdf81165afa?q=80&w=800&auto=format&fit=crop","One Size","Olive Green, Charcoal Black, Warm Khaki","Sale","24","5","128",""
"Essential Hoodie","39.99","","Men's Fashion","Winter Collection","Crafted from ultra-soft 450 GSM organic French terry fleece. Features double-lined hood, seamless kangaroo pocket, and ribbed cuffs that retain their shape wash after wash.","100% GOTS certified organic combed cotton | Heavyweight 450 GSM French Terry | Double-needle flatlock stitching | Pre-shrunk fabric to prevent shrinking | Kangaroo pocket with reinforced seams","https://images.unsplash.com/photo-1556905055-8f358a7a47b2?q=80&w=800&auto=format&fit=crop","https://images.unsplash.com/photo-1509967419530-da38b4704bc6?q=80&w=800&auto=format&fit=crop","https://images.unsplash.com/photo-1578587018452-892bacefd3f2?q=80&w=800&auto=format&fit=crop","https://images.unsplash.com/photo-1515886657613-9f3515b0c78f?q=80&w=800&auto=format&fit=crop","S, M, L, XL, XXL","Forest Green, Heather Grey, Onyx Black","Best Seller","45","5","96",""
"Premium Sneakers","59.99","","Footwear","New Collection","Timeless court silhouette handcrafted with premium full-grain Italian leather uppers and cushioned memory foam footbeds for day-long walking comfort.","Full-grain calfskin leather upper with suede accents | Antimicrobial OrthoLite memory foam footbed | Durable natural rubber cupsole with stitch reinforcement | 100% organic waxed cotton laces | Breathable leather lining","https://images.unsplash.com/photo-1549298916-b41d501d3772?q=80&w=800&auto=format&fit=crop","https://images.unsplash.com/photo-1560769629-975ec94e6a86?q=80&w=800&auto=format&fit=crop","https://images.unsplash.com/photo-1595950653106-6c9ebd614d3a?q=80&w=800&auto=format&fit=crop","https://images.unsplash.com/photo-1525966222134-fcfa99b8ae77?q=80&w=800&auto=format&fit=crop","US 8, US 9, US 10, US 11, US 12","Crisp White / Green, Triple White, White / Navy","New","18","5","142",""
"Polarized Sunglasses","24.99","","Accessories","Summer Collection","Engineered with TAC polarized UV400 lenses and handcrafted cellulose acetate frame for superior optical clarity and glare elimination without color distortion.","100% UV400 polarization with anti-reflective coating | Handmade hypoallergenic cellulose acetate frame | 5-barrel stainless steel hinges for lifetime durability | Scratch-resistant oleophobic coating | Includes microfiber cleaning pouch and protective hard case","https://images.unsplash.com/photo-1511499767150-a48a237f0083?q=80&w=800&auto=format&fit=crop","https://images.unsplash.com/photo-1572635196237-14b3f281503f?q=80&w=800&auto=format&fit=crop","https://images.unsplash.com/photo-1473496169904-658ba7c44d8a?q=80&w=800&auto=format&fit=crop","https://images.unsplash.com/photo-1508296695146-257a814070b4?q=80&w=800&auto=format&fit=crop","Medium (50-20-145)","Gloss Black, Tortoiseshell, Smoky Grey","","60","5","87",""
"Minimal Watch","69.99","","Accessories","Premium Collection","Clean Bauhaus aesthetic with a 40mm matte black case, gold accent indices, Japanese Miyota quartz movement, and interchangeable vegetable-tanned Italian leather strap.","Japanese Miyota precision quartz movement | 316L surgical-grade stainless steel case | Sapphire-coated mineral crystal glass | 5 ATM (50m) water resistance | Vegetable-tanned genuine Italian leather strap","https://images.unsplash.com/photo-1524805444758-089113d48a6d?q=80&w=800&auto=format&fit=crop","https://images.unsplash.com/photo-1522335789203-aabd1fc54bc9?q=80&w=800&auto=format&fit=crop","https://images.unsplash.com/photo-1509042239860-f550ce710b93?q=80&w=800&auto=format&fit=crop","https://images.unsplash.com/photo-1523275335684-37898b6baf30?q=80&w=800&auto=format&fit=crop","40mm","Black / Tan Strap, Rose Gold / Black, Silver / Dark Brown","","35","5","110",""
"Scented Candle","19.99","","Home & Living","Trending Collection","Hand-poured in small batches using 100% natural soy wax, infused with premium botanical essential oils of Siberian fir needle, sandalwood, and warm amber.","100% renewable US-grown soy wax | Crackling FSC-certified natural wooden wick | 55+ hours clean burn time | Phthalate-free, paraben-free, cruelty-free | Reusable apothecary amber glass jar","https://images.unsplash.com/photo-1603006905003-be475563bc59?q=80&w=800&auto=format&fit=crop","https://images.unsplash.com/photo-1508746829417-e6f548d8d6ed?q=80&w=800&auto=format&fit=crop","https://images.unsplash.com/photo-1596433809252-260c2745dfdd?q=80&w=800&auto=format&fit=crop","https://images.unsplash.com/photo-1572726729207-a78d6feb18d7?q=80&w=800&auto=format&fit=crop","8 oz / 230g","Cedar & Amber, Wild Eucalyptus, Vanilla Santal","","52","5","76",""
"Linen Summer Dress","64.99","84.99","Women's Fashion","Summer Collection","Breezy midi dress tailored from 100% European flax linen with a flattering square neckline, smocked bodice, and side seam pockets.","100% European Flax Linen | Breathable & thermo-regulating | Deep side pockets | Washable","https://images.unsplash.com/photo-1515886657613-9f3515b0c78f?q=80&w=800&auto=format&fit=crop","https://images.unsplash.com/photo-1496747611176-843222e1e57c?q=80&w=800&auto=format&fit=crop","https://images.unsplash.com/photo-1539109136881-3be0616acf4b?q=80&w=800&auto=format&fit=crop","https://images.unsplash.com/photo-1502716119720-b23a93e5fe1b?q=80&w=800&auto=format&fit=crop","XS, S, M, L, XL","Natural Oat, Sage Green, Terracotta","Sale","22","4.9","118",""
"Classic Trench Coat","129.99","169.99","Women's Fashion","Winter Collection","Double-breasted timeless silhouette crafted in water-repellent cotton gabardine with horn buttons and a storm flap.","Water-repellent gabardine | Belt with tortoise buckle | Satin interior lining | Deep welt pockets","https://images.unsplash.com/photo-1539533018447-63fcce667883?q=80&w=800&auto=format&fit=crop","https://images.unsplash.com/photo-1544441893-675973e31985?q=80&w=800&auto=format&fit=crop","https://images.unsplash.com/photo-1485968579580-b6d095142e6e?q=80&w=800&auto=format&fit=crop","https://images.unsplash.com/photo-1483985988355-763728e1935b?q=80&w=800&auto=format&fit=crop","S, M, L, XL","Camel Beige, Midnight Navy","Best Seller","14","4.8","94",""
"Chunky Knit Cardigan","54.99","","Women's Fashion","Winter Collection","Oversized cozy knit with drop shoulders, ribbed cuffs, and organic tortoiseshell buttons.","Merino wool & organic cotton blend | Tortoise buttons | Relaxed oversized cut | Gentle on skin","https://images.unsplash.com/photo-1434389677669-e08b4cac3105?q=80&w=800&auto=format&fit=crop","https://images.unsplash.com/photo-1584273143981-41c073dfe8f8?q=80&w=800&auto=format&fit=crop","https://images.unsplash.com/photo-1576871337622-98d48d1cf531?q=80&w=800&auto=format&fit=crop","https://images.unsplash.com/photo-1620799140408-edc6dcb6d633?q=80&w=800&auto=format&fit=crop","S, M, L","Cream White, Warm Olive","New","31","4.7","68",""
"Leather Crossbody Bag","89.99","119.99","Bags & Luggage","Premium Collection","Sleek crescent saddle shape handcrafted from pebbled Italian leather with gold-tone hardware and an adjustable strap.","Full pebbled leather | Magnetic flap closure | Interior card slots | Polished brass accents","https://images.unsplash.com/photo-1548036328-c9fa89d128fa?q=80&w=800&auto=format&fit=crop","https://images.unsplash.com/photo-1590874103328-eac38a683ce7?q=80&w=800&auto=format&fit=crop","https://images.unsplash.com/photo-1566150905458-1bf1fc113f0d?q=80&w=800&auto=format&fit=crop","https://images.unsplash.com/photo-1591561954557-26941169b49e?q=80&w=800&auto=format&fit=crop","One Size","Tan Cognac, Emerald Green, Jet Black","Best Seller","19","5","164",""
"Luxury Tote Bag","119.99","","Bags & Luggage","Premium Collection","Spacious everyday structured tote bag matching the hero lifestyle look in rich hunter green with structured double top handles.","Pebbled vegan leather | Fits 15"" MacBook Pro | Removable organizer pouch | Protective metal feet","https://images.unsplash.com/photo-1590874103328-eac38a683ce7?q=80&w=800&auto=format&fit=crop","https://images.unsplash.com/photo-1548036328-c9fa89d128fa?q=80&w=800&auto=format&fit=crop","https://images.unsplash.com/photo-1584917865442-de89df76afd3?q=80&w=800&auto=format&fit=crop","https://images.unsplash.com/photo-1566150905458-1bf1fc113f0d?q=80&w=800&auto=format&fit=crop","Large","Hunter Green, Warm Biscuit","","28","4.9","82",""
"Leather Weekend Duffle","139.99","179.99","Bags & Luggage","Trending Collection","Spacious 42L capacity travel duffle bag with a separate ventilated shoe compartment and padded shoulder strap.","Full grain leather trim & waxed canvas | Separate shoe compartment | TSA carry-on compliant | Water-resistant","https://images.unsplash.com/photo-1553062407-98eeb64c6a62?q=80&w=800&auto=format&fit=crop","https://images.unsplash.com/photo-1520006403909-838d6b92c22e?q=80&w=800&auto=format&fit=crop","https://images.unsplash.com/photo-1547949003-9792a18a2601?q=80&w=800&auto=format&fit=crop","https://images.unsplash.com/photo-1473188557828-cae44a72d3f4?q=80&w=800&auto=format&fit=crop","42 Liters","Cognac Brown, Charcoal Grey","Sale","12","4.9","91",""
"Utility Overshirt Jacket","64.99","","Men's Fashion","Trending Collection","Rugged military-inspired cotton twill overshirt matching the Men's Fashion category card with flap chest pockets.","100% heavy cotton twill | Garment dyed for vintage patina | Reinforced elbow patches | Dual chest utility pockets","https://images.unsplash.com/photo-1602810318383-e386cc2a3ccf?q=80&w=800&auto=format&fit=crop","https://images.unsplash.com/photo-1596755094514-f87e34085b2c?q=80&w=800&auto=format&fit=crop","https://images.unsplash.com/photo-1576995853123-5a10305d93c0?q=80&w=800&auto=format&fit=crop","https://images.unsplash.com/photo-1598033129183-c4f50c736f10?q=80&w=800&auto=format&fit=crop","S, M, L, XL","Olive Field, Desert Sand, Dark Navy","","38","4.8","75",""
"Tailored Slim Chinos","49.99","","Men's Fashion","New Collection","Stretch organic cotton chino pants featuring modern tapered leg fit, hidden coin pocket, and crease-resistant wash.","98% Organic Cotton, 2% Elastane stretch | Wrinkle-resistant finish | Tapered slim silhouette","https://images.unsplash.com/photo-1473966968600-fa801b869a1a?q=80&w=800&auto=format&fit=crop","https://images.unsplash.com/photo-1624378439575-d8705ad7ae80?q=80&w=800&auto=format&fit=crop","https://images.unsplash.com/photo-1541099649105-f69ad21f3246?q=80&w=800&auto=format&fit=crop","https://images.unsplash.com/photo-1506630448388-4e683c67ddb0?q=80&w=800&auto=format&fit=crop","30x30, 32x32, 34x32, 36x34","British Khaki, Dark Navy, Olive","","40","4.6","53",""
"Retro Runner Sneakers","74.99","94.99","Footwear","Trending Collection","Vintage track aesthetic with suede and breathable mesh uppers, EVA midsole cushioning, and waffle gum outsole.","Genuine suede overlays & mesh upper | Dual-density EVA foam cushioning | Waffle-tread gum rubber outsole","https://images.unsplash.com/photo-1552346154-21d32810aba3?q=80&w=800&auto=format&fit=crop","https://images.unsplash.com/photo-1595950653106-6c9ebd614d3a?q=80&w=800&auto=format&fit=crop","https://images.unsplash.com/photo-1584735935682-2f2b69dff9d2?q=80&w=800&auto=format&fit=crop","https://images.unsplash.com/photo-1608231387042-66d1773070a5?q=80&w=800&auto=format&fit=crop","US 7, US 8, US 9, US 10, US 11, US 12","Forest Green / White, Grey / Cream","Sale","20","4.8","112",""
"Classic Chelsea Boots","109.99","","Footwear","Winter Collection","Goodyear welted Chelsea boots with elastic side gussets, full leather lining, and durable commando rubber lug soles.","Water-treated pull-up leather | Elastic dual gore panels | Goodyear welt construction | Cushioned insole","https://images.unsplash.com/photo-1608256246200-53e635b5b65f?q=80&w=800&auto=format&fit=crop","https://images.unsplash.com/photo-1543163521-1bf539c55dd2?q=80&w=800&auto=format&fit=crop","https://images.unsplash.com/photo-1607522370275-f14206abe5d3?q=80&w=800&auto=format&fit=crop","https://images.unsplash.com/photo-1520639888713-7851133b1ed0?q=80&w=800&auto=format&fit=crop","US 8, US 9, US 10, US 11, US 12","Crazy Horse Brown, Matte Black","Best Seller","16","4.9","98",""
"Ceramic Coffee Dripper Set","34.99","","Home & Living","New Collection","Handcrafted stoneware pour-over dripper and matching 500ml server jug finished in a reactive matte cream glaze.","Stoneware ceramic with matte glaze | Spiral ribbed interior for even extraction | Heat-resistant glass server | Dishwasher safe","https://images.unsplash.com/photo-1514432324607-a09d9b4aefdd?q=80&w=800&auto=format&fit=crop","https://images.unsplash.com/photo-1577937927133-66ef06acdf18?q=80&w=800&auto=format&fit=crop","https://images.unsplash.com/photo-1517256064527-09c73fc73e38?q=80&w=800&auto=format&fit=crop","https://images.unsplash.com/photo-1544787219-7f47ccb76574?q=80&w=800&auto=format&fit=crop","500ml","Speckled Cream, Sage Green","","42","4.9","64",""
"Potted Ficus Indoor Plant","28.99","","Home & Living","Trending Collection","Healthy vibrant indoor plant matching the hero arrangement, potted in a minimalist handcrafted ceramic planter with drainage saucer.","Low light tolerant | Air purifying properties | Includes hand-thrown ceramic pot | Easy care guide included","https://images.unsplash.com/photo-1485955900006-10f4d324d411?q=80&w=800&auto=format&fit=crop","https://images.unsplash.com/photo-1509423350716-97f9360b4e09?q=80&w=800&auto=format&fit=crop","https://images.unsplash.com/photo-1463936575829-25148e1db1b8?q=80&w=800&auto=format&fit=crop","https://images.unsplash.com/photo-1545241047-6083a3684587?q=80&w=800&auto=format&fit=crop","Medium (6"" Pot)","Ceramic White","","35","4.8","88",""
"Waffle Knit Throw Blanket","44.99","59.99","Home & Living","Winter Collection","Generously sized 50x70 inch waffle throw woven from long-staple Turkish organic cotton for all-season layering.","100% Turkish Organic Cotton | Deep thermal waffle texture | Machine washable and tumble dry safe | Oeko-Tex Standard 100 Certified","https://images.unsplash.com/photo-1580301762395-21ce84d00bc6?q=80&w=800&auto=format&fit=crop","https://images.unsplash.com/photo-1616046229478-9901c5536a45?q=80&w=800&auto=format&fit=crop","https://images.unsplash.com/photo-1598300042247-d088f8ab3a91?q=80&w=800&auto=format&fit=crop","https://images.unsplash.com/photo-1512496015851-a90fb38ba796?q=80&w=800&auto=format&fit=crop","50"" x 70""","Warm Olive, Creamy Ivory, Oatmeal","Sale","27","4.9","93",""
"Slim Bifold Card Wallet","29.99","","Accessories","Premium Collection","Slim profile wallet constructed from full-grain vegetable-tanned leather with RFID-blocking alloy mesh lining.","RFID protection | Holds 8-10 cards plus full-size cash | Quick-access front card pull tab | Hand-burnished edges","https://images.unsplash.com/photo-1627123424574-724758594e93?q=80&w=800&auto=format&fit=crop","https://images.unsplash.com/photo-1556742049-0a67c5577ff0?q=80&w=800&auto=format&fit=crop","https://images.unsplash.com/photo-1606503829068-12968393e8e2?q=80&w=800&auto=format&fit=crop","https://images.unsplash.com/photo-1607604276583-eef5d076aa5f?q=80&w=800&auto=format&fit=crop","Compact","Bourbon Brown, Midnight Black, British Green","","50","4.7","104",""
"Studio ANC Headphones","149.99","199.99","Accessories","Trending Collection","Flagship hybrid active noise cancellation with custom 40mm bio-cellulose drivers, memory foam ear cups, and 45-hour battery life.","Active Noise Cancellation with Transparency mode | 45-hour battery life on single charge | Multipoint Bluetooth 5.3 | Ultra-lightweight 240g","https://images.unsplash.com/photo-1505740420928-5e560c06d30e?q=80&w=800&auto=format&fit=crop","https://images.unsplash.com/photo-1484704849700-f032a568e944?q=80&w=800&auto=format&fit=crop","https://images.unsplash.com/photo-1546435770-a3e426bf472b?q=80&w=800&auto=format&fit=crop","https://images.unsplash.com/photo-1583394838336-acd977736f90?q=80&w=800&auto=format&fit=crop","Universal","Matte Black, Sandstone White","Sale","15","5","178",""
"Minimalist Brass Desk Lamp","79.99","","Home & Living","Premium Collection","Brushed brass balance arm architectural lamp with continuous rotary touch dimmer and warm 2700K ambient LED module.","Solid brass construction | Step-free touch dimmer | Warm eye-care flicker-free LED | 360-degree adjustable swivel head","https://images.unsplash.com/photo-1507473885765-e6ed057f782c?q=80&w=800&auto=format&fit=crop","https://images.unsplash.com/photo-1513506003901-1e6a229e2d15?q=80&w=800&auto=format&fit=crop","https://images.unsplash.com/photo-1540932239986-30128078f3c5?q=80&w=800&auto=format&fit=crop","https://images.unsplash.com/photo-1534349762230-e0cadf78f5da?q=80&w=800&auto=format&fit=crop","Standard (18"" Height)","Brushed Brass, Matte Black","","18","4.8","52",""
"Chic Cat-Eye Sunglasses","29.99","39.99","Accessories","Summer Collection","Glamorous bold cat-eye frame inspired by vintage French Riviera glamour with gradient category 3 UV protection lenses.","Gradient UV400 lenses | Hand-beveled acetate edges | Engraved temple cores | Hard storage case","https://images.unsplash.com/photo-1577803645773-f96470509666?q=80&w=800&auto=format&fit=crop","https://images.unsplash.com/photo-1511499767150-a48a237f0083?q=80&w=800&auto=format&fit=crop","https://images.unsplash.com/photo-1572635196237-14b3f281503f?q=80&w=800&auto=format&fit=crop","https://images.unsplash.com/photo-1508296695146-257a814070b4?q=80&w=800&auto=format&fit=crop","One Size","Tortoise Shell, Deep Olive","","32","4.7","71",""
"Ribbed Merino Crew Sweater","69.99","","Men's Fashion","Winter Collection","Ribbed olive knit sweater identical to the garment featured on the hero tabletop photoshoot. Spun from 100% extrafine Merino wool.","100% Extrafine Merino Wool | Thick 7-gauge ribbed knit | Zero itch guarantee | Self-cleaning wool properties","https://images.unsplash.com/photo-1576871337622-98d48d1cf531?q=80&w=800&auto=format&fit=crop","https://images.unsplash.com/photo-1434389677669-e08b4cac3105?q=80&w=800&auto=format&fit=crop","https://images.unsplash.com/photo-1620799140408-edc6dcb6d633?q=80&w=800&auto=format&fit=crop","https://images.unsplash.com/photo-1584273143981-41c073dfe8f8?q=80&w=800&auto=format&fit=crop","S, M, L, XL","Olive Green, Sand Khaki, Deep Forest","Best Seller","25","4.9","89",""
"Classic Tennis Low Sneakers","54.99","69.99","Footwear","Summer Collection","Versatile canvas and leather trimmed casual shoes with gum sole and contrast heel counter.","Durable 12oz canvas upper | Vulcanized rubber sole | Memory foam insole","https://images.unsplash.com/photo-1525966222134-fcfa99b8ae77?q=80&w=800&auto=format&fit=crop","https://images.unsplash.com/photo-1549298916-b41d501d3772?q=80&w=800&auto=format&fit=crop","https://images.unsplash.com/photo-1560769629-975ec94e6a86?q=80&w=800&auto=format&fit=crop","https://images.unsplash.com/photo-1595950653106-6c9ebd614d3a?q=80&w=800&auto=format&fit=crop","US 7, US 8, US 9, US 10, US 11","Pure White, Off-White / Olive","Sale","40","4.8","130",""
"Pleated Wide-Leg Trousers","59.99","","Women's Fashion","New Collection","High-waisted trousers with sharp double front pleats and fluid drape in an eco-viscose blend.","Eco-viscose & lyocell blend | High-rise elasticated back waist | Front slant pockets","https://images.unsplash.com/photo-1509631179647-0177331693ae?q=80&w=800&auto=format&fit=crop","https://images.unsplash.com/photo-1515886657613-9f3515b0c78f?q=80&w=800&auto=format&fit=crop","https://images.unsplash.com/photo-1496747611176-843222e1e57c?q=80&w=800&auto=format&fit=crop","https://images.unsplash.com/photo-1539109136881-3be0616acf4b?q=80&w=800&auto=format&fit=crop","XS, S, M, L","Warm Cream, Espresso Brown","","22","4.7","45",""
"Insulated Travel Tumbler 20oz","24.99","","Home & Living","Trending Collection","Double-wall vacuum insulated 18/8 kitchen-grade stainless steel tumbler keeping drinks cold 24h or hot 8h.","18/8 Pro-grade stainless steel | Splash-proof slider lid | Fits standard car cup holders | BPA free","https://images.unsplash.com/photo-1517256064527-09c73fc73e38?q=80&w=800&auto=format&fit=crop","https://images.unsplash.com/photo-1577937927133-66ef06acdf18?q=80&w=800&auto=format&fit=crop","https://images.unsplash.com/photo-1514432324607-a09d9b4aefdd?q=80&w=800&auto=format&fit=crop","https://images.unsplash.com/photo-1544787219-7f47ccb76574?q=80&w=800&auto=format&fit=crop","20 oz / 600ml","Forest Green, Cream White, Matte Black","Best Seller","65","4.9","160",""
"Mulberry Silk Hair Ties Set","18.99","","Accessories","Summer Collection","Set of 3 pure 22 Momme grade 6A Mulberry silk scrunchies that prevent hair breakage and creasing.","100% Pure 22 Momme Grade 6A Mulberry Silk | Anti-frizz and anti-breakage | Strong interior elastic","https://images.unsplash.com/photo-1584273143981-41c073dfe8f8?q=80&w=800&auto=format&fit=crop","https://images.unsplash.com/photo-1522337360788-8b13dee7a37e?q=80&w=800&auto=format&fit=crop","https://images.unsplash.com/photo-1515886657613-9f3515b0c78f?q=80&w=800&auto=format&fit=crop","https://images.unsplash.com/photo-1508296695146-257a814070b4?q=80&w=800&auto=format&fit=crop","Set of 3","Sage / Champagne / Rose","","58","4.9","88",""
"Washed Linen Duvet Cover Set","139.99","179.99","Home & Living","Premium Collection","Pre-washed French flax linen duvet set including duvet cover and two envelope pillowcases.","100% French Flax Linen | Gets softer with every wash | Hidden coconut shell button closures | Corner ties","https://images.unsplash.com/photo-1616046229478-9901c5536a45?q=80&w=800&auto=format&fit=crop","https://images.unsplash.com/photo-1580301762395-21ce84d00bc6?q=80&w=800&auto=format&fit=crop","https://images.unsplash.com/photo-1598300042247-d088f8ab3a91?q=80&w=800&auto=format&fit=crop","https://images.unsplash.com/photo-1512496015851-a90fb38ba796?q=80&w=800&auto=format&fit=crop","Queen, King","Natural Flax, Forest Moss, Crisp White","Sale","15","4.9","95",""
"Organic Cotton Baseball Cap","19.99","","Accessories","Summer Collection","Unstructured 6-panel dad cap made with 100% organic chino twill and brass buckle closure.","100% Organic Chino Cotton | Antique brass adjustable strap | Embroidered ventilation eyelets","https://images.unsplash.com/photo-1588850561407-ed78c282e89b?q=80&w=800&auto=format&fit=crop","https://images.unsplash.com/photo-1521369909029-2afed882baee?q=80&w=800&auto=format&fit=crop","https://images.unsplash.com/photo-1575428652377-a2d80e2277fc?q=80&w=800&auto=format&fit=crop","https://images.unsplash.com/photo-1534215754734-18e55d13e346?q=80&w=800&auto=format&fit=crop","One Size Fits Most","Forest Green, Washed Black, Tan","","70","4.7","62",""
"Cashmere & Lambswool Fringe Scarf","49.99","","Accessories","Winter Collection","Sumptuously soft scarf woven in Scotland from 90% superfine lambswool and 10% Mongolian cashmere.","Lambswool & Cashmere blend | Traditional tassel fringe | Ultra-warm without bulk","https://images.unsplash.com/photo-1520903920243-00d872a2d1c9?q=80&w=800&auto=format&fit=crop","https://images.unsplash.com/photo-1608256246200-53e635b5b65f?q=80&w=800&auto=format&fit=crop","https://images.unsplash.com/photo-1584273143981-41c073dfe8f8?q=80&w=800&auto=format&fit=crop","https://images.unsplash.com/photo-1576871337622-98d48d1cf531?q=80&w=800&auto=format&fit=crop","70"" x 12""","Hunter Green Plaid, Camel, Charcoal","New","24","4.9","77",""
"Heavyweight Boxy Cotton T-Shirt","28.99","","Men's Fashion","Summer Collection","280 GSM heavyweight combed cotton tee with relaxed boxy drop-shoulder cut and thick 1-inch collar ribbing.","280 GSM 100% Combed Cotton | Boxy drop-shoulder fit | Pre-shrunk | Reinforced neckband","https://images.unsplash.com/photo-1521572267360-ee0c2909d518?q=80&w=800&auto=format&fit=crop","https://images.unsplash.com/photo-1583743814966-8936f5b7be1a?q=80&w=800&auto=format&fit=crop","https://images.unsplash.com/photo-1581655353564-df123a1eb820?q=80&w=800&auto=format&fit=crop","https://images.unsplash.com/photo-1503342217505-b0a15ec3261c?q=80&w=800&auto=format&fit=crop","S, M, L, XL, XXL","Sage Green, Vintage White, Washed Black","","80","4.8","140",""
"Handcrafted Suede Loafers","99.99","129.99","Footwear","Premium Collection","Unlined Italian calf suede driving loafers with penny keeper strap and flexible rubber pebble soles.","Buttery soft Italian suede | Flexible driving sole | Supple leather insole | Hand-stitched apron","https://images.unsplash.com/photo-1533867617858-e7b97e060509?q=80&w=800&auto=format&fit=crop","https://images.unsplash.com/photo-1549298916-b41d501d3772?q=80&w=800&auto=format&fit=crop","https://images.unsplash.com/photo-1560769629-975ec94e6a86?q=80&w=800&auto=format&fit=crop","https://images.unsplash.com/photo-1525966222134-fcfa99b8ae77?q=80&w=800&auto=format&fit=crop","US 8, US 9, US 10, US 11, US 12","Olive Suede, Chocolate Suede, Sand Suede","Sale","14","4.9","68",""
"Travel Passport & Card Wallet","24.99","","Accessories","Trending Collection","Sleek travel companion holding passport, boarding pass, SIM cards, and 4 credit cards in vegetable tanned leather.","Full grain leather | Fits all international passports | Dedicated pen slot & SIM card tray","https://images.unsplash.com/photo-1544717305-2782549b5136?q=80&w=800&auto=format&fit=crop","https://images.unsplash.com/photo-1627123424574-724758594e93?q=80&w=800&auto=format&fit=crop","https://images.unsplash.com/photo-1556742049-0a67c5577ff0?q=80&w=800&auto=format&fit=crop","https://images.unsplash.com/photo-1606503829068-12968393e8e2?q=80&w=800&auto=format&fit=crop","One Size","Forest Green, Caramel","","44","4.7","49",""
"Fisherman Merino Wool Beanie","22.99","","Accessories","Winter Collection","Classic ribbed cuff beanie knit in Canada using 100% fine Merino wool that retains warmth even when damp.","100% Fine Merino wool | Double-layer fold-up cuff | Zero itch and moisture-wicking","https://images.unsplash.com/photo-1576871337632-b9aef4c17ab9?q=80&w=800&auto=format&fit=crop","https://images.unsplash.com/photo-1588850561407-ed78c282e89b?q=80&w=800&auto=format&fit=crop","https://images.unsplash.com/photo-1521369909029-2afed882baee?q=80&w=800&auto=format&fit=crop","https://images.unsplash.com/photo-1575428652377-a2d80e2277fc?q=80&w=800&auto=format&fit=crop","One Size","Deep Green, Mustard Gold, Heather Grey","","60","4.8","92",""
"Botanical Aromatherapy Reed Diffuser","26.99","","Home & Living","New Collection","Florentine glass bottle with natural rattan reeds dispersing notes of sweet orange blossom, neroli, and white cedar.","Non-toxic alcohol-free carrier oil | 3-4 months continuous diffusion | 8 natural black rattan reeds | Amber glass bottle","https://images.unsplash.com/photo-1608571423902-eed4a5ad8108?q=80&w=800&auto=format&fit=crop","https://images.unsplash.com/photo-1603006905003-be475563bc59?q=80&w=800&auto=format&fit=crop","https://images.unsplash.com/photo-1508746829417-e6f548d8d6ed?q=80&w=800&auto=format&fit=crop","https://images.unsplash.com/photo-1596433809252-260c2745dfdd?q=80&w=800&auto=format&fit=crop","200ml","Neroli & Cedar","New","36","4.9","84",""